RMSE,MAE
0.1633777631771226,0.11907443293109941
