RMSE,MAE
0.11715241355000156,0.09407976271776587
